{
  "project_info": {
    "project_number": "554550103320",
    "project_id": "chatter-e3d94",
    "storage_bucket": "chatter-e3d94.appspot.com"
  },
  "client": [
    {
      "client_info": {
        "mobilesdk_app_id": "1:554550103320:android:f3d3586868091373e0626d",
        "android_client_info": {
          "package_name": "com.fluttertheme.flutter_theme"
        }
      },
      "oauth_client": [
        {
          "client_id": "554550103320-f113l04u2iitfak7g35b2blaaqhblks3.apps.googleusercontent.com",
          "client_type": 3
        }
      ],
      "api_key": [
        {
          "current_key": "AIzaSyC_Wd2pLK85Ve3DGAlAMmyu6w7rU1S9STc"
        }
      ],
      "services": {
        "appinvite_service": {
          "other_platform_oauth_client": [
            {
              "client_id": "554550103320-f113l04u2iitfak7g35b2blaaqhblks3.apps.googleusercontent.com",
              "client_type": 3
            }
          ]
        }
      }
    }
  ],
  "configuration_version": "1"
}